{
	"info": {
		"_postman_id": "75d6755e-988d-4fd3-b98d-2ed832b9fb40",
		"name": "VEFF-proj03",
		"schema": "https://schema.getpostman.com/json/collection/v2.1.0/collection.json",
		"_exporter_id": "23539096"
	},
	"item": [
		{
			"name": "tunes",
			"item": [
				{
					"name": "GET all tunes",
					"request": {
						"method": "GET",
						"header": [],
						"url": {
							"raw": "localhost:3000/api/v1/tunes",
							"host": [
								"localhost"
							],
							"port": "3000",
							"path": [
								"api",
								"v1",
								"tunes"
							]
						}
					},
					"response": []
				},
				{
					"name": "GET tune with id 0",
					"request": {
						"method": "GET",
						"header": [],
						"url": {
							"raw": "localhost:3000/api/v1/tunes/0",
							"host": [
								"localhost"
							],
							"port": "3000",
							"path": [
								"api",
								"v1",
								"tunes",
								"0"
							]
						}
					},
					"response": []
				},
				{
					"name": "GET tune with id 1",
					"request": {
						"method": "GET",
						"header": [],
						"url": {
							"raw": "localhost:3000/api/v1/tunes/1",
							"host": [
								"localhost"
							],
							"port": "3000",
							"path": [
								"api",
								"v1",
								"tunes",
								"1"
							]
						}
					},
					"response": []
				},
				{
					"name": "GET all classic tunes",
					"request": {
						"method": "GET",
						"header": [],
						"url": {
							"raw": "localhost:3000/api/v1/tunes?filter=classic",
							"host": [
								"localhost"
							],
							"port": "3000",
							"path": [
								"api",
								"v1",
								"tunes"
							],
							"query": [
								{
									"key": "filter",
									"value": "classic"
								}
							]
						}
					},
					"response": []
				},
				{
					"name": "GET all rock tunes",
					"request": {
						"method": "GET",
						"header": [],
						"url": {
							"raw": "localhost:3000/api/v1/tunes?filter=rock",
							"host": [
								"localhost"
							],
							"port": "3000",
							"path": [
								"api",
								"v1",
								"tunes"
							],
							"query": [
								{
									"key": "filter",
									"value": "rock"
								}
							]
						}
					},
					"response": []
				},
				{
					"name": "POST a new tune",
					"request": {
						"method": "POST",
						"header": [],
						"body": {
							"mode": "raw",
							"raw": "{\n    \"name\": \"Sweet Child O' Mine\",\n    \"content\": [\n        {\n            \"note\": \"D5\",\n            \"duration\": \"4n\",\n            \"timing\": 0\n        },\n        {\n            \"note\": \"D5\",\n            \"duration\": \"8n\",\n            \"timing\": 0.5\n        },\n        {\n            \"note\": \"C5\",\n            \"duration\": \"4n\",\n            \"timing\": 0.75\n        },\n        {\n            \"note\": \"A4\",\n            \"duration\": \"8n\",\n            \"timing\": 1.25\n        },\n        {\n            \"note\": \"D5\",\n            \"duration\": \"4n\",\n            \"timing\": 1.75\n        }\n    ]\n}",
							"options": {
								"raw": {
									"language": "json"
								}
							}
						},
						"url": {
							"raw": "localhost:3000/api/v1/genre/0/tunes",
							"host": [
								"localhost"
							],
							"port": "3000",
							"path": [
								"api",
								"v1",
								"genre",
								"0",
								"tunes"
							]
						}
					},
					"response": []
				},
				{
					"name": "PATCH an existing tune",
					"request": {
						"method": "PATCH",
						"header": [],
						"body": {
							"mode": "raw",
							"raw": "{\n    \"name\": \"TNT\",\n    \"genreId\": \"0\",\n    \"content\": [\n        {\n            \"note\": \"C4\",\n            \"duration\": \"4n\",\n            \"timing\": 0\n        },\n        {\n            \"note\": \"D4\",\n            \"duration\": \"4n\",\n            \"timing\": 0.5\n        }\n    ]\n}",
							"options": {
								"raw": {
									"language": "json"
								}
							}
						},
						"url": {
							"raw": "localhost:3000/api/v1/genre/0/tunes/1",
							"host": [
								"localhost"
							],
							"port": "3000",
							"path": [
								"api",
								"v1",
								"genre",
								"0",
								"tunes",
								"1"
							]
						}
					},
					"response": []
				}
			]
		},
		{
			"name": "genres",
			"item": [
				{
					"name": "GET all genres",
					"request": {
						"method": "GET",
						"header": [],
						"url": {
							"raw": "localhost:3000/api/v1/genres",
							"host": [
								"localhost"
							],
							"port": "3000",
							"path": [
								"api",
								"v1",
								"genres"
							]
						}
					},
					"response": []
				},
				{
					"name": "GET genre with id 0",
					"request": {
						"method": "GET",
						"header": [],
						"url": {
							"raw": "localhost:3000/api/v1/genres/0",
							"host": [
								"localhost"
							],
							"port": "3000",
							"path": [
								"api",
								"v1",
								"genres",
								"0"
							]
						}
					},
					"response": []
				},
				{
					"name": "GET genre with id 1",
					"request": {
						"method": "GET",
						"header": [],
						"url": {
							"raw": "localhost:3000/api/v1/genres/1",
							"host": [
								"localhost"
							],
							"port": "3000",
							"path": [
								"api",
								"v1",
								"genres",
								"1"
							]
						}
					},
					"response": []
				},
				{
					"name": "POST new genre: Jazz",
					"request": {
						"method": "POST",
						"header": [],
						"body": {
							"mode": "raw",
							"raw": "{\n    \"genreName\": \"Jazz\"\n}",
							"options": {
								"raw": {
									"language": "json"
								}
							}
						},
						"url": {
							"raw": "localhost:3000/api/v1/genres",
							"host": [
								"localhost"
							],
							"port": "3000",
							"path": [
								"api",
								"v1",
								"genres"
							]
						}
					},
					"response": []
				},
				{
					"name": "DELETE genre: Jazz",
					"request": {
						"method": "DELETE",
						"header": [],
						"body": {
							"mode": "raw",
							"raw": "",
							"options": {
								"raw": {
									"language": "json"
								}
							}
						},
						"url": {
							"raw": "localhost:3000/api/v1/genres/2",
							"host": [
								"localhost"
							],
							"port": "3000",
							"path": [
								"api",
								"v1",
								"genres",
								"2"
							]
						}
					},
					"response": []
				}
			]
		}
	]
}